{
  "epoch": [
    1,
    2,
    3,
    4,
    5,
    6,
    7,
    8,
    9,
    10,
    11,
    12,
    13,
    14,
    15
  ],
  "rnn": [
    651.8198616366861,
    363.7188370448134,
    173.58966393410105,
    59.04010422204109,
    19.123903104421505,
    7.867942075883221,
    4.419276669827856,
    3.0905096905970133,
    2.458436878854887,
    2.1040167167162527,
    1.8818075992509111,
    1.7323958897169756,
    1.6263559161710814,
    1.5456122034538178,
    1.4848823290877915
  ],
  "transformer": [
    70.96604274352455,
    6.253901337238193,
    3.689411712673776,
    3.0101761799076807,
    2.6931691149965187,
    2.504939576712782,
    2.38181642317976,
    2.288897371603191,
    2.2174258860171547,
    2.161771577485037,
    2.110196097176768,
    2.0655900805297063,
    2.032475037434168,
    2.0014859075878597,
    1.9739924268222095
  ]
}